filename,value,,,,,,
501.bmp,5842,,,,,,
502.bmp,2291,,,,,,
503.bmp,5774,,,,,,
504.bmp,3514,,,,,,
505.bmp,9236,,,,,,
506.bmp,1612,,,,,,
507.bmp,2737,,,,,,
508.bmp,1329,,,,,,
509.bmp,7373,,,,,,
510.bmp,8571,,,,,,
511.bmp,3495,,,,,,
512.bmp,9551,,,,,,
513.bmp,7886,,,,,,
514.bmp,7813,,,,,,
515.bmp,3861,,,,,,
516.bmp,7143,,,,,,
517.bmp,5925,,,,,,
518.bmp,1473,,,,,,
519.bmp,8351,,,,,,
520.bmp,9954,,,,,,
521.bmp,9143,,,,,,
522.bmp,1752,,,,,,
523.bmp,5151,,,,,,
524.bmp,7527,,,,,,
525.bmp,4382,,,,,,
526.bmp,8242,,,,,,
527.bmp,5855,,,,,,
528.bmp,3657,,,,,,
529.bmp,3763,,,,,,
530.bmp,5442,,,,,,
531.bmp,2371,,,,,,
532.bmp,5258,,,,,,
533.bmp,9647,,,,,,
534.bmp,6957,,,,,,
535.bmp,4719,,,,,,
536.bmp,4396,,,,,,
537.bmp,8266,,,,,,
538.bmp,3777,,,,,,
539.bmp,3134,,,,,,
540.bmp,4645,,,,,,
541.bmp,7437,,,,,,
542.bmp,7452,,,,,,
543.bmp,5445,,,,,,
544.bmp,5839,,,,,,
545.bmp,2154,,,,,,
546.bmp,8181,,,,,,
547.bmp,9782,,,,,,
548.bmp,7999,,,,,,
549.bmp,8581,,,,,,
550.bmp,7327,,,,,,
551.bmp,8864,,,,,,
552.bmp,4554,,,,,,
553.bmp,2345,,,,,,
554.bmp,7224,,,,,,
555.bmp,5317,,,,,,
556.bmp,8814,,,,,,
557.bmp,5985,,,,,,
558.bmp,5282,,,,,,
559.bmp,2358,,,,,,
560.bmp,1564,,,,,,
561.bmp,9326,,,,,,
562.bmp,5368,,,,,,
563.bmp,6288,,,,,,
564.bmp,9735,,,,,,
565.bmp,2425,,,,,,
566.bmp,5441,,,,,,
567.bmp,9426,,,,,,
568.bmp,7927,,,,,,
569.bmp,1871,,,,,,
570.bmp,1643,,,,,,
571.bmp,1523,,,,,,
572.bmp,3319,,,,,,
573.bmp,2716,,,,,,
574.bmp,3883,,,,,,
575.bmp,7112,,,,,,
576.bmp,1492,,,,,,
577.bmp,5275,,,,,,
578.bmp,5572,,,,,,
579.bmp,4935,,,,,,
580.bmp,7841,,,,,,
581.bmp,5634,,,,,,
582.bmp,9331,,,,,,
583.bmp,1656,,,,,,
584.bmp,8823,,,,,,
585.bmp,2735,,,,,,
586.bmp,8794,,,,,,
587.bmp,8283,,,,,,
588.bmp,3586,,,,,,
589.bmp,9256,,,,,,
590.bmp,6498,,,,,,
591.bmp,4254,,,,,,
592.bmp,4632,,,,,,
593.bmp,2883,,,,,,
594.bmp,7747,,,,,,
595.bmp,2633,,,,,,
596.bmp,6519,,,,,,
597.bmp,3266,,,,,,
598.bmp,9663,,,,,,
599.bmp,4826,,,,,,
600.bmp,4398,,,,,,
601.bmp,2672,,,,,,
602.bmp,4111,,,,,,
603.bmp,2218,,,,,,
604.bmp,9919,,,,,,
605.bmp,3723,,,,,,
606.bmp,2996,,,,,,
607.bmp,3421,,,,,,
608.bmp,1217,,,,,,
609.bmp,2447,,,,,,
610.bmp,4378,,,,,,
611.bmp,7851,,,,,,
612.bmp,2692,,,,,,
613.bmp,8575,,,,,,
614.bmp,5744,,,,,,
615.bmp,2187,,,,,,
616.bmp,3574,,,,,,
617.bmp,4643,,,,,,
618.bmp,7531,,,,,,
619.bmp,9638,,,,,,
620.bmp,2648,,,,,,
621.bmp,8295,,,,,,
622.bmp,5928,,,,,,
623.bmp,6984,,,,,,
624.bmp,5893,,,,,,
625.bmp,2941,,,,,,
626.bmp,8775,,,,,,
627.bmp,6112,,,,,,
628.bmp,6374,,,,,,
629.bmp,4932,,,,,,
630.bmp,3165,,,,,,
631.bmp,7874,,,,,,
632.bmp,1374,,,,,,
633.bmp,9299,,,,,,
634.bmp,1557,,,,,,
635.bmp,8651,,,,,,
636.bmp,2398,,,,,,
637.bmp,9689,,,,,,
638.bmp,1952,,,,,,
639.bmp,7436,,,,,,
640.bmp,2353,,,,,,
641.bmp,1683,,,,,,
642.bmp,7635,,,,,,
643.bmp,2576,,,,,,
644.bmp,4958,,,,,,
645.bmp,6631,,,,,,
646.bmp,2349,,,,,,
647.bmp,5442,,,,,,
648.bmp,6856,,,,,,
649.bmp,3927,,,,,,
650.bmp,5481,,,,,,
651.bmp,5195,,,,,,
652.bmp,5426,,,,,,
653.bmp,6182,,,,,,
654.bmp,9192,,,,,,
655.bmp,9658,,,,,,
656.bmp,2315,,,,,,
657.bmp,3336,,,,,,
658.bmp,6362,,,,,,
659.bmp,6563,,,,,,
660.bmp,6195,,,,,,
661.bmp,5198,,,,,,
662.bmp,9629,,,,,,
663.bmp,6771,,,,,,
664.bmp,2339,,,,,,
665.bmp,8458,,,,,,
666.bmp,7555,,,,,,
667.bmp,6653,,,,,,
668.bmp,4527,,,,,,
669.bmp,6133,,,,,,
670.bmp,8559,,,,,,
671.bmp,2565,,,,,,
672.bmp,2793,,,,,,
673.bmp,4248,,,,,,
674.bmp,6274,,,,,,
675.bmp,3636,,,,,,
676.bmp,6711,,,,,,
677.bmp,4342,,,,,,
678.bmp,2497,,,,,,
679.bmp,8541,,,,,,
680.bmp,3175,,,,,,
681.bmp,5538,,,,,,
682.bmp,9269,,,,,,
683.bmp,4548,,,,,,
684.bmp,9951,,,,,,
685.bmp,9342,,,,,,
686.bmp,6788,,,,,,
687.bmp,9881,,,,,,
688.bmp,6473,,,,,,
689.bmp,2688,,,,,,
690.bmp,6124,,,,,,
691.bmp,5411,,,,,,
692.bmp,2434,,,,,,
693.bmp,9387,,,,,,
694.bmp,9386,,,,,,
695.bmp,5476,,,,,,
696.bmp,2889,,,,,,
697.bmp,7924,,,,,,
698.bmp,5586,,,,,,
699.bmp,8781,,,,,,
700.bmp,2324,,,,,,
701.bmp,7338,,,,,,
702.bmp,1452,,,,,,
703.bmp,7316,,,,,,
704.bmp,2866,,,,,,
705.bmp,8973,,,,,,
706.bmp,9773,,,,,,
707.bmp,6234,,,,,,
708.bmp,7188,,,,,,
709.bmp,4132,,,,,,
710.bmp,9189,,,,,,
711.bmp,1492,,,,,,
712.bmp,1751,,,,,,
713.bmp,4244,,,,,,
714.bmp,4726,,,,,,
715.bmp,4167,,,,,,
716.bmp,9754,,,,,,
717.bmp,7138,,,,,,
718.bmp,1316,,,,,,
719.bmp,7291,,,,,,
720.bmp,8196,,,,,,
721.bmp,4691,,,,,,
722.bmp,8912,,,,,,
723.bmp,7868,,,,,,
724.bmp,4298,,,,,,
725.bmp,9575,,,,,,
726.bmp,8657,,,,,,
727.bmp,2391,,,,,,
728.bmp,8454,,,,,,
729.bmp,8874,,,,,,
730.bmp,3775,,,,,,
731.bmp,7119,,,,,,
732.bmp,8259,,,,,,
733.bmp,7862,,,,,,
734.bmp,4446,,,,,,
735.bmp,4766,,,,,,
736.bmp,3159,,,,,,
737.bmp,7318,,,,,,
738.bmp,7655,,,,,,
739.bmp,4749,,,,,,
740.bmp,8469,,,,,,
741.bmp,4688,,,,,,
742.bmp,1225,,,,,,
743.bmp,1113,,,,,,
744.bmp,9645,,,,,,
745.bmp,9365,,,,,,
746.bmp,1652,,,,,,
747.bmp,8866,,,,,,
748.bmp,6895,,,,,,
749.bmp,7734,,,,,,
750.bmp,4258,,,,,,
751.bmp,2598,,,,,,
752.bmp,4863,,,,,,
753.bmp,4237,,,,,,
754.bmp,5228,,,,,,
755.bmp,8917,,,,,,
756.bmp,3558,,,,,,
757.bmp,4976,,,,,,
758.bmp,2752,,,,,,
759.bmp,8581,,,,,,
760.bmp,5129,,,,,,
761.bmp,3615,,,,,,
762.bmp,6369,,,,,,
763.bmp,3234,,,,,,
764.bmp,6765,,,,,,
765.bmp,8981,,,,,,
766.bmp,9278,,,,,,
767.bmp,4468,,,,,,
768.bmp,8555,,,,,,
769.bmp,4875,,,,,,
770.bmp,7256,,,,,,
771.bmp,5325,,,,,,
772.bmp,1936,,,,,,
773.bmp,5221,,,,,,
774.bmp,7234,,,,,,
775.bmp,5915,,,,,,
776.bmp,3615,,,,,,
777.bmp,1973,,,,,,
778.bmp,4391,,,,,,
779.bmp,3799,,,,,,
780.bmp,7264,,,,,,
781.bmp,2136,,,,,,
782.bmp,1377,,,,,,
783.bmp,1415,,,,,,
784.bmp,6264,,,,,,
785.bmp,9375,,,,,,
786.bmp,4647,,,,,,
787.bmp,1894,,,,,,
788.bmp,1795,,,,,,
789.bmp,1992,,,,,,
790.bmp,7143,,,,,,                                                                                                                                                                                                                                                                                                                                                                                                                                                                                                                                                                               
791.bmp,8483,,,,,,
792.bmp,1634,,,,,,
793.bmp,3989,,,,,,
794.bmp,8936,,,,,,
795.bmp,1927,,,,,,
796.bmp,2213,,,,,,
797.bmp,2781,,,,,,
798.bmp,2365,,,,,,
799.bmp,7897,,,,,,
800.bmp,5471,,,,,,
801.bmp,7563,,,,,,
802.bmp,7451,,,,,,
803.bmp,3698,,,,,,
804.bmp,9796,,,,,,
805.bmp,4914,,,,,,
806.bmp,3988,,,,,,
807.bmp,9261,,,,,,
808.bmp,2931,,,,,,
809.bmp,6889,,,,,,
810.bmp,9917,,,,,,
811.bmp,3447,,,,,,
812.bmp,5841,,,,,,
813.bmp,8298,,,,,,
814.bmp,5476,,,,,,
815.bmp,8191,,,,,,
816.bmp,6242,,,,,,
817.bmp,3367,,,,,,
818.bmp,1478,,,,,,
819.bmp,1433,,,,,,
820.bmp,9659,,,,,,
821.bmp,9333,,,,,,
822.bmp,2575,,,,,,
823.bmp,5745,,,,,,
824.bmp,1346,,,,,,
825.bmp,9835,,,,,,
826.bmp,8654,,,,,,
827.bmp,9437,,,,,,
828.bmp,8975,,,,,,
829.bmp,1952,,,,,,
830.bmp,7142,,,,,,
831.bmp,9459,,,,,,
832.bmp,1227,,,,,,
833.bmp,3977,,,,,,
834.bmp,9928,,,,,,
835.bmp,6649,,,,,,
836.bmp,9952,,,,,,
837.bmp,4287,,,,,,
838.bmp,4687,,,,,,
839.bmp,3547,,,,,,
840.bmp,1231,,,,,,
841.bmp,5853,,,,,,
842.bmp,1635,,,,,,
843.bmp,2145,,,,,,
844.bmp,6383,,,,,,
845.bmp,3977,,,,,,
846.bmp,2821,,,,,,
847.bmp,8257,,,,,,
848.bmp,5171,,,,,,
849.bmp,9883,,,,,,
850.bmp,1329,,,,,,
851.bmp,9156,,,,,,
852.bmp,8785,,,,,,
853.bmp,2596,,,,,,
854.bmp,2318,,,,,,
855.bmp,7986,,,,,,
856.bmp,2789,,,,,,
857.bmp,4598,,,,,,
858.bmp,1654,,,,,,
859.bmp,7597,,,,,,
860.bmp,7555,,,,,,
861.bmp,3359,,,,,,
862.bmp,6792,,,,,,
863.bmp,9551,,,,,,
864.bmp,6186,,,,,,
865.bmp,5346,,,,,,
866.bmp,3576,,,,,,
867.bmp,6733,,,,,,
868.bmp,9221,,,,,,
869.bmp,7853,,,,,,
870.bmp,2699,,,,,,
871.bmp,4462,,,,,,
872.bmp,2579,,,,,,
873.bmp,2666,,,,,,
874.bmp,1341,,,,,,
875.bmp,8999,,,,,,
876.bmp,4128,,,,,,
877.bmp,3392,,,,,,
878.bmp,6883,,,,,,
879.bmp,1688,,,,,,
880.bmp,6897,,,,,,
881.bmp,3836,,,,,,
882.bmp,9611,,,,,,
883.bmp,5173,,,,,,
884.bmp,8267,,,,,,
885.bmp,1522,,,,,,
886.bmp,4884,,,,,,
887.bmp,8819,,,,,,
888.bmp,7878,,,,,,
889.bmp,4712,,,,,,
890.bmp,3386,,,,,,
891.bmp,5825,,,,,,
892.bmp,6347,,,,,,
893.bmp,3827,,,,,,
894.bmp,7692,,,,,,
895.bmp,8581,,,,,,
896.bmp,3838,,,,,,
897.bmp,6369,,,,,,
898.bmp,2193,,,,,,
899.bmp,8173,,,,,,
900.bmp,9824,,,,,,
901.bmp,2575,,,,,,
902.bmp,6455,,,,,,
903.bmp,4898,,,,,,
904.bmp,6122,,,,,,
905.bmp,4691,,,,,,
906.bmp,6922,,,,,,
907.bmp,5582,,,,,,
908.bmp,4857,,,,,,
909.bmp,8471,,,,,,
910.bmp,3913,,,,,,
911.bmp,4788,,,,,,
912.bmp,2379,,,,,,
913.bmp,2877,,,,,,
914.bmp,6849,,,,,,
915.bmp,1856,,,,,,
916.bmp,8786,,,,,,
917.bmp,6266,,,,,,
918.bmp,8982,,,,,,
919.bmp,9634,,,,,,
920.bmp,4288,,,,,,
921.bmp,7396,,,,,,
922.bmp,3951,,,,,,
923.bmp,3552,,,,,,
924.bmp,2937,,,,,,
925.bmp,9362,,,,,,
926.bmp,2376,,,,,,
927.bmp,7969,,,,,,
928.bmp,5297,,,,,,
929.bmp,6991,,,,,,
930.bmp,9129,,,,,,
931.bmp,4664,,,,,,
932.bmp,1973,,,,,,
933.bmp,7985,,,,,,
934.bmp,3568,,,,,,
935.bmp,5573,,,,,,
936.bmp,6814,,,,,,
937.bmp,9438,,,,,,
938.bmp,8863,,,,,,
939.bmp,2134,,,,,,
940.bmp,7835,,,,,,
941.bmp,5923,,,,,,
942.bmp,1434,,,,,,
943.bmp,5965,,,,,,
944.bmp,6555,,,,,,
945.bmp,4875,,,,,,
946.bmp,1867,,,,,,
947.bmp,9766,,,,,,
948.bmp,6329,,,,,,
949.bmp,4283,,,,,,
950.bmp,5835,,,,,,
951.bmp,1365,,,,,,
952.bmp,6826,,,,,,
953.bmp,7566,,,,,,
954.bmp,5479,,,,,,
955.bmp,9862,,,,,,
956.bmp,8863,,,,,,
957.bmp,6866,,,,,,
958.bmp,2965,,,,,,
959.bmp,8995,,,,,,
960.bmp,1687,,,,,,
961.bmp,8394,,,,,,
962.bmp,6868,,,,,,
963.bmp,7852,,,,,,
964.bmp,7885,,,,,,
965.bmp,6341,,,,,,
966.bmp,3418,,,,,,
967.bmp,2991,,,,,,
968.bmp,9489,,,,,,
969.bmp,1971,,,,,,
970.bmp,7962,,,,,,
971.bmp,5886,,,,,,
972.bmp,6266,,,,,,
973.bmp,4981,,,,,,
974.bmp,1587,,,,,,
975.bmp,8223,,,,,,
976.bmp,9395,,,,,,
977.bmp,3833,,,,,,
978.bmp,8648,,,,,,
979.bmp,2851,,,,,,
980.bmp,2539,,,,,,
981.bmp,3386,,,,,,
982.bmp,5215,,,,,,
983.bmp,1751,,,,,,
984.bmp,7651,,,,,,
985.bmp,2484,,,,,,
986.bmp,6548,,,,,,
987.bmp,8592,,,,,,
988.bmp,2331,,,,,,
989.bmp,3541,,,,,,
990.bmp,8836,,,,,,
991.bmp,8632,,,,,,
992.bmp,1345,,,,,,
993.bmp,4318,,,,,,
994.bmp,5695,,,,,,
995.bmp,4885,,,,,,
996.bmp,1223,,,,,,
997.bmp,2144,,,,,,
998.bmp,6855,,,,,,
999.bmp,1794,,,,,,
1000.bmp,5421,,,,,,
1001.bmp,7922,,,,,,
1002.bmp,4341,,,,,,
1.bmp,8627,,,,,,
2.bmp,5182,,,,,,
3.bmp,5819,,,,,,
4.bmp,9395,,,,,,
5.bmp,4262,,,,,,
6.bmp,3726,,,,,,
7.bmp,5947,,,,,,
8.bmp,6224,,,,,,
9.bmp,7718,,,,,,
10.bmp,6329,,,,,,
11.bmp,5273,,,,,,
12.bmp,8382,,,,,,
13.bmp,7627,,,,,,
14.bmp,5763,,,,,,
15.bmp,6795,,,,,,
16.bmp,8563,,,,,,
17.bmp,3877,,,,,,
18.bmp,2364,,,,,,
19.bmp,8879,,,,,,
20.bmp,2735,,,,,,
21.bmp,7564,,,,,,
22.bmp,3427,,,,,,
23.bmp,2114,,,,,,
24.bmp,9971,,,,,,
25.bmp,1223,,,,,,
26.bmp,4686,,,,,,
27.bmp,9258,,,,,,
28.bmp,8353,,,,,,
29.bmp,6112,,,,,,
30.bmp,5669,,,,,,
31.bmp,5829,,,,,,
32.bmp,8339,,,,,,
33.bmp,8622,,,,,,
34.bmp,6818,,,,,,
35.bmp,4326,,,,,,
36.bmp,5469,,,,,,
37.bmp,9693,,,,,,
38.bmp,3114,,,,,,
39.bmp,6239,,,,,,
40.bmp,7884,,,,,,
41.bmp,1399,,,,,,
42.bmp,7586,,,,,,
43.bmp,6317,,,,,,
44.bmp,8483,,,,,,
45.bmp,8495,,,,,,
46.bmp,8981,,,,,,
47.bmp,3658,,,,,,
48.bmp,1841,,,,,,
49.bmp,6257,,,,,,
50.bmp,7552,,,,,,
51.bmp,1481,,,,,,
52.bmp,8834,,,,,,
53.bmp,4238,,,,,,
54.bmp,8586,,,,,,
55.bmp,3999,,,,,,
56.bmp,4759,,,,,,
57.bmp,8885,,,,,,
58.bmp,9424,,,,,,
59.bmp,4871,,,,,,
60.bmp,9195,,,,,,
61.bmp,9869,,,,,,
62.bmp,8193,,,,,,
63.bmp,8731,,,,,,
64.bmp,3792,,,,,,
65.bmp,4742,,,,,,
66.bmp,3791,,,,,,
67.bmp,4472,,,,,,
68.bmp,2996,,,,,,
69.bmp,6115,,,,,,
70.bmp,3369,,,,,,
71.bmp,3767,,,,,,
72.bmp,4129,,,,,,
73.bmp,6733,,,,,,
74.bmp,3844,,,,,,
75.bmp,8836,,,,,,
76.bmp,5961,,,,,,
77.bmp,3989,,,,,,
78.bmp,8458,,,,,,
79.bmp,4535,,,,,,
80.bmp,7737,,,,,,
81.bmp,5722,,,,,,
82.bmp,8281,,,,,,
83.bmp,7436,,,,,,
84.bmp,7854,,,,,,
85.bmp,6649,,,,,,
86.bmp,7916,,,,,,
87.bmp,9772,,,,,,
88.bmp,6987,,,,,,
89.bmp,6642,,,,,,
90.bmp,7439,,,,,,
91.bmp,6663,,,,,,
92.bmp,6221,,,,,,
93.bmp,2247,,,,,,
94.bmp,2336,,,,,,
95.bmp,2158,,,,,,
96.bmp,9715,,,,,,
97.bmp,8845,,,,,,
98.bmp,6425,,,,,,
99.bmp,6719,,,,,,
100.bmp,7355,,,,,,
101.bmp,4743,,,,,,
102.bmp,8772,,,,,,
103.bmp,5918,,,,,,
104.bmp,2892,,,,,,
105.bmp,3733,,,,,,
106.bmp,9821,,,,,,
107.bmp,1897,,,,,,
108.bmp,9695,,,,,,
109.bmp,2668,,,,,,
110.bmp,7611,,,,,,
111.bmp,8218,,,,,,
112.bmp,5723,,,,,,
113.bmp,6218,,,,,,
114.bmp,5446,,,,,,
115.bmp,5921,,,,,,
116.bmp,7815,,,,,,
117.bmp,5929,,,,,,
118.bmp,5692,,,,,,
119.bmp,5349,,,,,,
120.bmp,6281,,,,,,
121.bmp,2485,,,,,,
122.bmp,8794,,,,,,
123.bmp,7128,,,,,,
124.bmp,8883,,,,,,
125.bmp,6296,,,,,,
126.bmp,5242,,,,,,
127.bmp,2743,,,,,,
128.bmp,8616,,,,,,
129.bmp,1528,,,,,,
130.bmp,2498,,,,,,
131.bmp,6684,,,,,,
132.bmp,5146,,,,,,
133.bmp,3918,,,,,,
134.bmp,1926,,,,,,
135.bmp,3325,,,,,,
136.bmp,2552,,,,,,
137.bmp,5931,,,,,,
138.bmp,5225,,,,,,
139.bmp,3632,,,,,,
140.bmp,6419,,,,,,
141.bmp,6291,,,,,,
142.bmp,6441,,,,,,
143.bmp,7352,,,,,,
144.bmp,6461,,,,,,
145.bmp,5851,,,,,,
146.bmp,9516,,,,,,
147.bmp,1814,,,,,,
148.bmp,7719,,,,,,
149.bmp,4759,,,,,,
150.bmp,6888,,,,,,
151.bmp,5449,,,,,,
152.bmp,1654,,,,,,
153.bmp,3441,,,,,,
154.bmp,7911,,,,,,
155.bmp,5161,,,,,,
156.bmp,9315,,,,,,
157.bmp,3128,,,,,,
158.bmp,9672,,,,,,
159.bmp,6883,,,,,,
160.bmp,8711,,,,,,
161.bmp,2547,,,,,,
162.bmp,3717,,,,,,
163.bmp,5566,,,,,,
164.bmp,6258,,,,,,
165.bmp,7465,,,,,,
166.bmp,2356,,,,,,
167.bmp,2268,,,,,,
168.bmp,2737,,,,,,
169.bmp,9718,,,,,,
170.bmp,4877,,,,,,
171.bmp,6959,,,,,,
172.bmp,5463,,,,,,
173.bmp,3622,,,,,,
174.bmp,3847,,,,,,
175.bmp,4967,,,,,,
176.bmp,2117,,,,,,
177.bmp,1489,,,,,,
178.bmp,6339,,,,,,
179.bmp,5867,,,,,,
180.bmp,1274,,,,,,
181.bmp,9727,,,,,,
182.bmp,5118,,,,,,
183.bmp,6433,,,,,,
184.bmp,4925,,,,,,
185.bmp,3861,,,,,,
186.bmp,9845,,,,,,
187.bmp,6457,,,,,,
188.bmp,8897,,,,,,
189.bmp,7123,,,,,,
190.bmp,1279,,,,,,
191.bmp,1672,,,,,,
192.bmp,2832,,,,,,
193.bmp,6837,,,,,,
194.bmp,1265,,,,,,
195.bmp,2655,,,,,,
196.bmp,8569,,,,,,
197.bmp,5773,,,,,,
198.bmp,9839,,,,,,
199.bmp,3561,,,,,,
200.bmp,1516,,,,,,
201.bmp,1873,,,,,,
202.bmp,4236,,,,,,
203.bmp,1925,,,,,,
204.bmp,1176,,,,,,
205.bmp,1826,,,,,,
206.bmp,5175,,,,,,
207.bmp,5361,,,,,,
208.bmp,2385,,,,,,
209.bmp,9418,,,,,,
210.bmp,9681,,,,,,
211.bmp,6228,,,,,,
212.bmp,2964,,,,,,
213.bmp,2426,,,,,,
214.bmp,8282,,,,,,
215.bmp,6815,,,,,,
216.bmp,1756,,,,,,
217.bmp,5923,,,,,,
218.bmp,6443,,,,,,
219.bmp,9765,,,,,,
220.bmp,3342,,,,,,
221.bmp,3623,,,,,,
222.bmp,6317,,,,,,
223.bmp,8195,,,,,,
224.bmp,4316,,,,,,
225.bmp,7712,,,,,,
226.bmp,7953,,,,,,
227.bmp,7473,,,,,,
228.bmp,7443,,,,,,
229.bmp,9433,,,,,,
230.bmp,1563,,,,,,
231.bmp,5324,,,,,,
232.bmp,1167,,,,,,
233.bmp,5977,,,,,,
234.bmp,8119,,,,,,
235.bmp,8915,,,,,,
236.bmp,8561,,,,,,
237.bmp,1436,,,,,,
238.bmp,5967,,,,,,
239.bmp,4542,,,,,,
240.bmp,5987,,,,,,
241.bmp,1156,,,,,,
242.bmp,5792,,,,,,
243.bmp,9385,,,,,,
244.bmp,6241,,,,,,
245.bmp,4939,,,,,,
246.bmp,8338,,,,,,
247.bmp,8484,,,,,,
248.bmp,7148,,,,,,
249.bmp,5489,,,,,,
250.bmp,5266,,,,,,
251.bmp,8282,,,,,,
252.bmp,8746,,,,,,
253.bmp,5592,,,,,,
254.bmp,5443,,,,,,
255.bmp,2343,,,,,,
256.bmp,6395,,,,,,
257.bmp,5828,,,,,,
258.bmp,8546,,,,,,
259.bmp,7464,,,,,,
260.bmp,2436,,,,,,
261.bmp,9226,,,,,,
262.bmp,7863,,,,,,
263.bmp,6574,,,,,,
264.bmp,9774,,,,,,
265.bmp,4344,,,,,,
266.bmp,3693,,,,,,
267.bmp,1564,,,,,,
268.bmp,1511,,,,,,
269.bmp,6841,,,,,,
270.bmp,9289,,,,,,
271.bmp,3546,,,,,,
272.bmp,9931,,,,,,
273.bmp,5315,,,,,,
274.bmp,4739,,,,,,
275.bmp,6942,,,,,,
276.bmp,3765,,,,,,
277.bmp,3738,,,,,,
278.bmp,5122,,,,,,
279.bmp,3253,,,,,,
280.bmp,2445,,,,,,
281.bmp,3377,,,,,,
282.bmp,5926,,,,,,
283.bmp,6262,,,,,,
284.bmp,1529,,,,,,
285.bmp,4758,,,,,,
286.bmp,1882,,,,,,
287.bmp,7945,,,,,,
288.bmp,1938,,,,,,
289.bmp,8298,,,,,,
290.bmp,2814,,,,,,
291.bmp,7618,,,,,,
292.bmp,6978,,,,,,
293.bmp,3146,,,,,,
294.bmp,6913,,,,,,
295.bmp,9685,,,,,,
296.bmp,4226,,,,,,
297.bmp,1987,,,,,,
298.bmp,2248,,,,,,
299.bmp,8228,,,,,,
300.bmp,8225,,,,,,
301.bmp,7785,,,,,,
302.bmp,7713,,,,,,
303.bmp,9277,,,,,,
304.bmp,8144,,,,,,
305.bmp,7454,,,,,,
306.bmp,4538,,,,,,
307.bmp,9838,,,,,,
308.bmp,2772,,,,,,
309.bmp,6691,,,,,,
310.bmp,3149,,,,,,
311.bmp,9596,,,,,,
312.bmp,3189,,,,,,
313.bmp,1963,,,,,,
314.bmp,2889,,,,,,
315.bmp,3835,,,,,,
316.bmp,7688,,,,,,
317.bmp,2369,,,,,,
318.bmp,6248,,,,,,
319.bmp,9642,,,,,,
320.bmp,8731,,,,,,
321.bmp,5347,,,,,,
322.bmp,7819,,,,,,
323.bmp,7298,,,,,,
324.bmp,3575,,,,,,
325.bmp,7537,,,,,,
326.bmp,6227,,,,,,
327.bmp,4929,,,,,,
328.bmp,7773,,,,,,
329.bmp,3769,,,,,,
330.bmp,3723,,,,,,
331.bmp,9643,,,,,,
332.bmp,3465,,,,,,
333.bmp,1618,,,,,,
334.bmp,6362,,,,,,
335.bmp,2139,,,,,,
336.bmp,9495,,,,,,
337.bmp,3371,,,,,,
338.bmp,2515,,,,,,
339.bmp,9466,,,,,,
340.bmp,8484,,,,,,
341.bmp,3572,,,,,,
342.bmp,4561,,,,,,
343.bmp,8989,,,,,,
344.bmp,5458,,,,,,
345.bmp,6943,,,,,,
346.bmp,7416,,,,,,
347.bmp,1489,,,,,,
348.bmp,1751,,,,,,
349.bmp,5593,,,,,,
350.bmp,5186,,,,,,
351.bmp,1717,,,,,,
352.bmp,8575,,,,,,
353.bmp,2476,,,,,,
354.bmp,5826,,,,,,
355.bmp,8379,,,,,,
356.bmp,7582,,,,,,
357.bmp,2159,,,,,,
358.bmp,8977,,,,,,
359.bmp,6199,,,,,,
360.bmp,2621,,,,,,
361.bmp,5269,,,,,,
362.bmp,2355,,,,,,
363.bmp,4296,,,,,,
364.bmp,9479,,,,,,
365.bmp,2244,,,,,,
366.bmp,6452,,,,,,
367.bmp,5717,,,,,,
368.bmp,5581,,,,,,
369.bmp,1633,,,,,,
370.bmp,7961,,,,,,
371.bmp,4278,,,,,,
372.bmp,1249,,,,,,
373.bmp,4855,,,,,,
374.bmp,7427,,,,,,
375.bmp,7459,,,,,,
376.bmp,9844,,,,,,
377.bmp,9559,,,,,,
378.bmp,4932,,,,,,
379.bmp,9295,,,,,,
380.bmp,2679,,,,,,
381.bmp,6117,,,,,,
382.bmp,6878,,,,,,
383.bmp,5353,,,,,,
384.bmp,8915,,,,,,
385.bmp,9335,,,,,,
386.bmp,5456,,,,,,
387.bmp,3162,,,,,,
388.bmp,7283,,,,,,
389.bmp,5947,,,,,,
390.bmp,1129,,,,,,
391.bmp,2926,,,,,,
392.bmp,9193,,,,,,
393.bmp,6676,,,,,,
394.bmp,3641,,,,,,
395.bmp,1723,,,,,,
396.bmp,7263,,,,,,
397.bmp,9165,,,,,,
398.bmp,1438,,,,,,
399.bmp,3939,,,,,,
400.bmp,2797,,,,,,
401.bmp,9588,,,,,,
402.bmp,3583,,,,,,
403.bmp,2589,,,,,,
404.bmp,7748,,,,,,
405.bmp,7134,,,,,,
406.bmp,9748,,,,,,
407.bmp,8467,,,,,,
408.bmp,7482,,,,,,
409.bmp,9158,,,,,,
410.bmp,5248,,,,,,
411.bmp,3415,,,,,,
412.bmp,1272,,,,,,
413.bmp,8253,,,,,,
414.bmp,4822,,,,,,
415.bmp,7537,,,,,,
416.bmp,7643,,,,,,
417.bmp,6134,,,,,,
418.bmp,5839,,,,,,
419.bmp,2812,,,,,,
420.bmp,9314,,,,,,
421.bmp,5924,,,,,,
422.bmp,5231,,,,,,
423.bmp,2882,,,,,,
424.bmp,1475,,,,,,
425.bmp,1652,,,,,,
426.bmp,6514,,,,,,
427.bmp,2682,,,,,,
428.bmp,5199,,,,,,
429.bmp,5752,,,,,,
430.bmp,4262,,,,,,
431.bmp,8554,,,,,,
432.bmp,9681,,,,,,
433.bmp,2974,,,,,,
434.bmp,9541,,,,,,
435.bmp,1543,,,,,,
436.bmp,2214,,,,,,
437.bmp,1873,,,,,,
438.bmp,5911,,,,,,
439.bmp,9657,,,,,,
440.bmp,1438,,,,,,
441.bmp,7713,,,,,,
442.bmp,2893,,,,,,
443.bmp,8882,,,,,,
444.bmp,8572,,,,,,
445.bmp,2654,,,,,,
446.bmp,5836,,,,,,
447.bmp,5124,,,,,,
448.bmp,7383,,,,,,
449.bmp,1783,,,,,,
450.bmp,4893,,,,,,
451.bmp,1977,,,,,,
452.bmp,2225,,,,,,
453.bmp,3196,,,,,,
454.bmp,2921,,,,,,
455.bmp,8164,,,,,,
456.bmp,8464,,,,,,
457.bmp,9231,,,,,,
458.bmp,3857,,,,,,
459.bmp,1766,,,,,,
460.bmp,9269,,,,,,
461.bmp,6714,,,,,,
462.bmp,9246,,,,,,
463.bmp,6294,,,,,,
464.bmp,9661,,,,,,
465.bmp,4177,,,,,,
466.bmp,1895,,,,,,
467.bmp,4962,,,,,,
468.bmp,5357,,,,,,
469.bmp,9967,,,,,,
470.bmp,8577,,,,,,
471.bmp,7397,,,,,,
472.bmp,4845,,,,,,
473.bmp,2435,,,,,,
474.bmp,9681,,,,,,
475.bmp,5326,,,,,,
476.bmp,2261,,,,,,
477.bmp,7129,,,,,,
478.bmp,6675,,,,,,
479.bmp,3184,,,,,,
480.bmp,8573,,,,,,
481.bmp,3723,,,,,,
482.bmp,1528,,,,,,
483.bmp,2398,,,,,,
484.bmp,2757,,,,,,
485.bmp,8494,,,,,,
486.bmp,7421,,,,,,
487.bmp,3916,,,,,,
488.bmp,2471,,,,,,
489.bmp,7283,,,,,,
490.bmp,7445,,,,,,
491.bmp,7879,,,,,,
492.bmp,5299,,,,,,
493.bmp,9781,,,,,,
494.bmp,9752,,,,,,
495.bmp,4635,,,,,,
496.bmp,6736,,,,,,
497.bmp,2996,,,,,,
498.bmp,3486,,,,,,
499.bmp,7292,,,,,,
500.bmp,1119,,,,,,
